Schools Names, Schools Address,websites
American School of Bombay,"SF 2, G-Block, 
Bandra Kurla Complex Road, Bandra East, 
Mumbai, Maharashtra, 
400051, 
India
",https://www.asbindia.org/
Stonehill International School,"Near the International Airport, No.259/333/334/335, 
Tarahunise Post, Jala Hobli, 
Bengaluru, Karnataka, 
562157, 
India
",https://www.stonehill.in/
TIPS Coimbatore,"193 Sathy Road, 
S.S.Kulam P.O., 
Coimbatore, Tamil Nadu, 
641107, 
India
",https://www.edustoke.com/coimbatore/the-indian-public-school-coimbatore-residential
Aditya Birla World Academy,"Vastushilp Annexe, Gamadia Colony, 
J D Road, Tardeo, 
Mumbai, Maharashtra, 
400034, 
India
",https://www.adityabirlaworldacademy.com/
Aga Khan Academy Hyderabad,"Survey No 1/1 Hardware Park, 
Maheshwaram Mandal, Rangareddy District, 
Hyderabad, Telangana, 
501510, 
India
",https://www.agakhanacademies.org/hyderabad/contact-aga-khan-academy-hyderabad
Ahmedabad International School,"Opp Rajpath Row Houses, 
Behind Kiran Motors, Judges Bungalow Road, 
Bodakdev, Ahmedabad, 
380015, 
India
",https://www.aischool.net/
Ajmera Global School,"Yogi Nagar, Eksar Road, 
Borivali West, 
Mumbai, Maharashtra, 
400092, 
India
",http://www.ajmeraglobalschool.com/
Akal Academy Baru Sahib,"Via Rajgarh, Teh. Pachhad, 
Distt. Sirmore, 
Himachal Pradesh, 
173101, 
India
",http://akalacademybarusahib.com/
Akshar Árbol International School - ECR Campus,"Bethel Nagar, North 9th Street, 
Injambakkam, 
Chennai, Tamil Nadu, 
600115, 
India
",http://www.akshararbol.edu.in/
Al Fajr International School,"No. 7 & 8, II Main Road, 
Nehru Nagar, Perungudi, 
Chennai, 
600 096, 
India
",https://www.al-fajrinternational.com/
Al Qamar Academy,"14 Kalyani Nagar, Opp Journalist's Colony, 
Kottivakkam, 
Chennai, Tamil Nadu, 
600041, 
India
",https://www.internationalschoolsearch.com/listing/al-qamar-academy-india
All Saints' College,"Nainital, 
Uttarakhand, 
263002, 
India
",https://www.allsaintscollege.org/
Alliance World School,"C-54/A, 
Sector-56, 
Noida, Uttar Pradesh, 
201301, 
India
",http://www.allianceworldschool.in/
aLphabet School,"178 St. Mary's Road, 
Alwarpet, 
Chennai, Tamil Nadu, 
600018, 
India
",https://www.indiamart.com/alphabet-school/sitenavigation.html
American Embassy School,"Chandragupta Marg, 
Chanakyapuri, 
New Delhi, Delhi, 
110021, 
India
",https://www.aes.ac.in/
American International School - Chennai,"100 Feet Road, 
Taramani, 
Chennai, 
600113, 
India
",https://www.aischennai.org/
"Amity Global School, Gurgaon","Main Sector Road 4, Sector 46, 
Gurgaon, Harayana, 
122002, 
India
",http://www.amityglobalschool.com/
"Amity Global School, Noida","A Block, C Block, Sector 44, 
Noida, Uttar Pradesh, 
201301, 
India
",http://www.amityglobalschool.com/noida/
Amity International School Saket,"M Block, 
Saket, 
New Delhi, Delhi, 
110017, 
India
",https://www.amity.edu/ais/saket/
"Apeejay School International, South Delhi","Sheikh Sarai-Phase I, 
Panchsheel Park, 
New Delhi, Delhi, 
110017, 
India
",https://intl.apeejay.edu/
APL Global School,"Survey No 104/8C3, Foundry Road, 
Okiiam Thoraiopakkam, 
Chennai, Tamil Nadu, 
600097, 
India
",http://aplglobalschool.com/
Arya Cambridge International School,"Saibaba Vihar Complex, Near Muchala Polytechnic, 
Ghodbunder Road, 
Thane, Maharashtra, 
400601, 
India
",https://www.prokerala.com/education/arya-cambridge-international-school-s16637.html
Ascend International School,"5 'F' Block, Opp. Govt. Colony, 
Bandra Kurla Complex (Bandra E), 
Mumbai, Maharashtra, 
400051, 
India
",https://ascendinternational.org/
Bangalore International School,"Geddalahalli, 
Hennur Bagalur Road, Kothanur Post, 
Bengaluru, Karnataka, 
560077, 
India
",https://www.bangaloreinternationalschool.org/
BD Somani International School,"625 GD Somani Marg, 
Cuffe Parade, 
Mumbai, Maharashtra, 
400005, 
India
",https://www.bdsomaniinternationalschool.com/
Billabong High International (Santa Cruz),"Ajivasan, Off. Juhu Tara Road, 
Opp. Lido Cinema, Next to SNDT College, Santa Cruz West, 
Mumbai, Maharashtra, 
400049, 
India
",https://www.billabonghighschool.com/mumbai-santacruz/
Billabong High International School (Thane),"Road no. 27, Shreenagar, 
Wagle Estate, Thane West, 
Thane, Maharashtra, 
400604, 
India
",https://billabongthane.com/
Bishop Cotton School,"Shimla, Himachal Pradesh, 
171002, 
India
",https://bishopcottonshimla.com/
"BLiSS Edify International School, Pune","38 Phase 1, Rajiv Gandhi Infotech Park, 
Hinjawadi, 
Pune, Maharashtra, 
411057, 
India
",https://blissinternationalschool.org/
Bloomingdale International School,"Municipal Employee Colony, 
Main Road, 
Vijayawada, Andhra Pradesh, 
520010, 
India
",https://bloomingdale.edu.in/
Bluebells School International,"Kailash (Opp) Lady Shriram College, 
New Delhi, Delhi, 
110048, 
India
",https://www.bluebellsinternational.com/
Bodhi International School,"Shikargarh Enclave, 
Near Mini Market, 
Jodhpur, Rajasthan, 
342015, 
India
",https://www.bodhijodhpur.com/
Bombay International School,"Gilbert Building, 2nd Cross Lane, 
Babulnath, 
Mumbai, Maharashtra, 
400007, 
India
",https://bis.edu.in/
Bright Start Fellowship International School,"Fellowship Society Campus, 
Near August Kranti Maidan, Gowalia Tank,, 
400036, 
India
",https://www.brightstart.edu.in/
British Oak Tree Nursery,"Site No-4 Mayfield Garden Sector 57, 
Opp Orchid Islands, 
Gurgaon, Haryana, 
India
",https://www.justdial.com/Delhi/British-Oak-Tree-School-Opp-Orchid-Island-Gurgaon-Sector-57/011PXX11-XX11-130905181344-F6A6_BZDET
Buddhi School,"1&2 Dasarahalli Extension, HA Farm Post, 
(Next to Legacy Apartments), Opposite to Shoba Moonsto+, 
Bengaluru, Karnataka, 
560024, 
India
",https://en.wikipedia.org/wiki/Theravada
Bunts Sangha's S.M. Shetty International School & Jr. College,"Hiranandani Gardens, 
Powai, 
Mumbai, Maharashtra, 
400076, 
India
",https://www.smshettyinstitute.org/BS-IS-JC/
Calcutta International School,"724 Anandapur, 
E M Bypass, 
Kolkata, West Bengal, 
700107, 
India
",https://www.calcuttais.edu.in/
Caledonian International School,"Near Power Gym, 
Saili Road, 
Pathankot, Punjab, 
145001, 
India
",https://caledonianinternational.com/
Calorx Olive International School,"Besides Ahmedabad Dental College, 
Near Arjun Farm, Ranchodpura - Bhadaj Road, 
Ahmedabad, Gujarat, 
380058, 
India
",https://cois.edu.in/
Cambridge International School,"Choti Baradari, 
Phase II, 
Jalandhar, Punjab, 
144001, 
India
",https://ciscoedjal.school/
Cambridge International School - Dasuya,"Hazipur Road, 
Dasuya, Hoshiarpur, Punjab, 
144205, 
India
",https://www.cisdasuya.com/
Campion International School,"River Side Avenue, 
Shalbari, West Bengal, 
India
",https://school.careers360.com/schools/campion-international-school-salbari-siliguri
Canadian International School,"Survey No 4 & 20, Manchenahalli, 
Yelahanka, 
Bengaluru, Karnataka, 
560064, 
India
",https://www.canadianinternationalschool.com/
Candor International School,"Koppa-harapanhalli Road, Hullahalli, 
Off, Bannerghatta Main Rd, near Electronic City, 
Bengaluru, Karnataka, 
560105, 
India
",https://candorschool.edu.in/
Chatrabhuj Narsee School,"Valley of Flower, Next to Gundecha Premiere Tower, 
off. Western Express Highway, Kandivali East, 
Mumbai, Maharashtra, 
400101, 
India
",https://www.cns.ac.in/
Chennai Public School,"TH Road, SH 50, 
Thirumazhisai, 
Chennai, Tamil Nadu, 
600124, 
India
",https://www.chennaipublicschool.com/thirumazhisai/contact.php
Chinmaya International Residential School,"Nallur Vayal Post, 
Siruvani Road, 
Coimbatore, Tamil Nadu, 
641114, 
India
",http://www.cirschool.org/
Chinmaya International Vidyalaya,"P-125, Warangade, Maan, 
Taluka and Dist: Palghar, 
Boisar, Maharashtra, 
401501, 
India
",http://chinmayainternationalvidyalaya.com/
CHIREC International,"1-55/12C, CHIREC Avenue, 
Kothaguda, Kondapur, 
Hyderabad, Telangana, 
500084, 
India
",https://www.chirec.ac.in/
Choithram International,"Choithram Hospital Campus, 
5 Manik Bagh Road, 
Indore, Madhya Pradesh, 
452014, 
India
",http://choithraminternational.com/
Christ Church School,"Clare Road, 
Byculla, 
Mumbai, Maharashtra, 
400008, 
India
",https://www.christchurchschoolmumbai.org/
Christ Junior College,"29 Hosur Road, 
Suddagunte Palya, 
Bengaluru, Karnataka, 
560029, 
India
",https://in.infoaboutcompanies.com/Catalog/KA/Bengaluru/Junior-College/Christ-Junior-College
Christ Junior College - Residential,"Mysore Road, 
Kanmanike, Kumbalgodu, 
Bengaluru, Karnataka, 
560074, 
India
",http://www.cjcib.in/
CP Goenka International School - Juhu,"Plot No 44, Gulmohar Cross Road No 1, 
JVPD, Vile Parle (West), 
Mumbai, Maharashtra, 
400049, 
India
",http://cpgoenkajuhu.com/contact.aspx
Crossroads International School,"11-12 Modern Complex, 
Devendra Dham Ki Gali, Opposite Celebration Mall, 
Udaipur, Rajasthan, 
313001, 
India
",https://crossroadsschool.in/
D Y Patil International College,"DY Patil Knowledge City, 
Charholi(BK), Via. Lohegaon, 
Pune, Maharashtra, 
412105, 
India
",https://www.dypic.in/
"D Y Patil International School, Lohagaon","Charoli Bd., 
Lohagaon, 
Pune, Maharashtra, 
412105, 
India
",https://dypispune.in/
"D Y Patil International School, Nagpur","MIHAN Project Area, 
Village Khapri (Railway), 
Nagpur, Maharashtra, 
441108, 
India
",https://entranceindia.com/city-institution-nag/dy-patil-international-school-nagpur-in-mihan-nagpur/
"D Y Patil International School, Nerul","Dr D Y Patil Vidhyanagar, 
Sector 7, Nerul, 
Navi Mumbai, Maharashtra, 
400706, 
India
",https://www.dypisworli.in/
"D Y Patil International School, Worli","Opp MIG Colony A, 
Worli, 
Mumbai, Maharashtra, 
400025, 
India
",https://www.dypisworli.in/
Daly College,"Residency Area, 
Indore, Madhya Pradesh, 
452001, 
India
",http://www.dalycollege.org/
De Paul International Residential School,"Belagola, Srirangapatna, 
Taluk, 
Avverahalli, Karnataka, 
571606, 
India
",https://dpirs.org/
Delhi Public School Ghaziabad,"Site #3, Industrial Area, 
Meerut Road, 
Ghaziabad, Uttar Pradesh, 
201002, 
India
",https://www.dpsgs.org/
Deutsche Schule New Delhi,"EP16/17 Chandragupta Marg, 
Chanakyapuri, 
New Delhi, Delhi, 
110021, 
India
",https://www.dsnd.de/en/home.html
Dhirubhai Ambani International School,"Bandra-Kurla Complex, 
Bandra (East), 
Mumbai, Maharashtra, 
400098, 
India
",https://www.dais.edu.in/
Diamond Stone International School,"Nallur Road, 
Madivallam Cross, 
Hosur, Tamil Nadu, 
635109, 
India
",https://dsischool.com/
Don Bosco International School,"Nathalal Parekh Marg, 
Matunga (E), 
Mumbai, Maharashtra, 
400019, 
India
",https://dbis.in/
"DPS International, Gurgaon","HS-01, Block W, 
South City II, 
Gurgaon, Haryana, 
122001, 
India
",https://www.dpsiedge.edu.in/
"DPS International, Saket","P-37 MB Road, 
Sector VI, Pusph Vihar, Saket, 
New Delhi, Delhi, 
110057, 
India
",https://www.dpsi.ac.in/dpsinternational/default_dpsi_saket.asp
Dr Pillai Global Academy,"Plot No 1, RSC 48, Gorai - II, 
Borivali (W), 
Mumbai, Maharashtra, 
400092, 
India
",https://www.dpga.ac.in/
"Dr Pillai Global Academy, New Panvel","Sector-7, Khanda Colony, 
New Panvel, 
Navi Mumbai, Maharashtra, 
410206, 
India
",https://www.dpgapanvel.ac.in/
DRS International School,"Survey No. 523 Opp.Apparel Park, 
Gundla Pochampally, Medchal Mandal, 
Telangana, Hyderabad, 
500100, 
India
",https://www.drsinternational.com/contact/
DSB International School,"25 Dadi Seth Road, 
Babulnath Temple, 
Mumbai, Maharashtra, 
400007, 
India
",https://dsbindia.com/
Dwarkibai Gangadhar Khetan International School,"Krishna Realties, Behind Sunder Nagar, 
Off. S.V. Road & Link Road, Malad (West), 
Mumbai, Maharashtra, 
400064, 
India
",https://dgkhetan.edu.in/
Eastern Public School,"Ward 1, Abbas Nagar, 
Bhopal, Madhya Pradesh, 
462036, 
India
",https://www.e-p-s.in/
Ecole Mondiale World School,"Gulmohar Cross Road No. 9, 
J.V.P.D. Scheme, Juhu, 
Mumbai, Maharashtra, 
400049, 
India
",https://www.ecolemondiale.org/
Edubridge International School,"Wadilal A. Patel Marg, 
Grant Road (East), 
Mumbai, Maharashtra, 
400007, 
India
",https://www.edubridgeschool.org/
Ela Green School,"No.1 Karambur Village, Chengalpattu Taluk, 
Kandchipuram District, Urapakkam, Maraimalai Nagar, 
Chennai, Tamil Nadu, 
603209, 
India
",https://elagreenschool.org/
Elpro International School,"Elpro compound, Entrance from Shridhar Nagar road, 
Pimpri-Chinchwad Link Road, 
Pune, Maharashtra, 
411033, 
India
",https://www.elproschools.edu.in/
European International School,"7A, Wisecy House, 14/15 Nanchundaroa Road, 
Injambakkam, 
Chennai, Tamil Nadu, 
600115, 
India
",https://entranceindia.com/city-institution-maa/european-international-school-in-injambakam-chennai/
Excelsior American School,"Sector 43 behind Dell Building, 
C-2 Block, Sushant Lok, Phase 1, 
Gurugram, Haryana, 
122001, 
India
",https://findpincode.in/excelsior-american-school-sector-43-behind-dell-building-c-2-block-sushant-lok-phase-1-gurgaon-haryana/3708955
Fazlani L'Académie Globale,"Shiv das Chapsi Marg, 
Opp. Wallace Flour Mills, Mazagaon, 
Mumbai, Maharashtra, 
400009, 
India
",https://www.internationalschoolsearch.com/listing/fazlani-l-acad-mie-globale-india
FirstSteps School,"Opp. Blind Girls Hostel, 
Sector 26, 
Chandigarh, Punjab, 
160019, 
India
",http://www.firststepsschool.org/
Fountainhead School,"Opp Ambetha Water Tank, 
Kunkni, Rander-Dandi Road, 
Surat, Gujarat, 
395005, 
India
",https://entranceindia.com/city-institution-stv/fountainhead-school-in-olpad-surat-1/
Fravashi International Academy,"Adjacent to Gangapur Dam Rest House, 
Gangapur - Dugaon Road, Dugaon Village, 
Nashik, Maharashtra, 
422203, 
India
",https://entranceindia.com/city-institution-isk/fravashi-international-academy-in-gangapur-road-nashik/
G D Goenka World School,"GD Goenka Education City, 
Sohna-Gurgaon Road, 
Sohna, Haryana, 
122103, 
India
",https://gdgws.gdgoenka.com/
G Global School,"29A, Rajagoundampalayam 2nd Street, 
Pallipalayam Road, 
Tiruchengodu, Tamil Nadu, 
637211, 
India
",https://gglobalschool.com/
Garodia International Centre for Learning,"153, Garodia Nagar, 
Ghatkopar East, 
Mumbai, Maharashtra, 
400077, 
India
",https://giclm.edu.in/
Gateway International School,"TOD Ashram, Jabakadal Street, 
Padur, Kazhipattur Post, Kelambakkam, 
Chennai, Tamil Nadu, 
603103, 
India
",https://www.gatewayschools.edu.in/
GEMS Akademia International School,"Bakrahat Road, Thakurpukur, 
P.O. Rasapunja, 
Kolkata, West Bengal, 
700104, 
India
",https://gemsakademia.in/
GEMS Cambridge International School - Batala,"Amritsar Road, 
Batala, Punjab, 
143505, 
India
",https://gcisbatala.com/
GEMS Cambridge International School - Hoshiarpur,"Jalandhar - Phagwara, 
ByPass Road, 
Hoshiarpur, Punjab, 
146111, 
India
",http://www.cishoshiarpur.com/
GEMS Genesis International School,"Near Viashnovedi Circle, 
SP Ring Road, 
Ahmedabad, Gujarat, 
382421, 
India
",https://theggis.com/
GEMS International School - Palam Vihar Gurgaon,"Block C-2, 
Palam Vihar, 
Gurgaon, Haryana, 
 122015, 
India
",https://gemsinternationalschoolgurgaon.com/
GEMS Modern Academy - Gurgaon,"Block E, South City II, 
Gurgaon, Haryana, 
122018, 
India
",https://gemsmodernacademygurgaon.com/
GEMS Modern Academy - Kochi,"Plot B1-4, Smart City Kochi, 
Opp. Infopark Phase II, Brahmapuram, 
Kochi, Kerala, 
682303, 
India
",https://www.gemseducation.com/choosing-a-school/find-a-school/gems-modern-academy-kochi/
Genesis Global School,"A-12, Sector 132, 
Noida Expressway, Uttar Pradesh, 
201304, 
India
",https://www.genesisglobalschool.edu.in/
German International School Chennai,"4/391 Ram Garden Anna Salai, 
Palavakkam, 
Chennai, Tamil Nadu, 
600041, 
India
",https://www.chennai.gis.com.de/
GJR International School,"1/1 & 1/2 Chinnappanahalli, 
Bangalore, Karnataka, 
560037, 
India
",https://gjrinternationalschool.edu.in/
Glendale Academy,"Beside Sun City, 
Artillery Centre Gate, 
Hyderabad, Telangana, 
500086, 
India
",https://www.glendale.edu.in/
Glendale International School,"Plot A, Road No. 20, 
HMDA Layout,  Tellapur, 
Hyderabad, Telangana, 
502032, 
India
",https://www.glendale.edu.in/glendale-international-school/ib-pyp-tellapur/location-contact
Global City International School,"135, 5th Main, 6th Cross, 
Malleshpalya, New Thippasandra Post, Near CV Raman Nag+, 
Bengaluru, Karnataka, 
560075, 
India
",http://www.gcis.edu.in/index.php
Global English School - Calicut,"Kaimpalam, Pantheerankavu- Mankavu Road, 
Pantheerankavu, 
Calicut, Kerala, 
India
",https://geschoolclt.com/
Global Indian International School (GIIS ) Uppal Campus,"Survey No. 8 & 9, 
Peerjadiguda, Uppal Mandal, 
Hyderabad, Telangana, 
India
",https://www.giishyderabad.org.in/
Global Indian International School (GIIS) Ahmedabad Campus,"Godrej Garden City, 
Jagatpur, 
Ahmedabad, Gujarat, 
382470, 
India
",https://ahmedabad.globalindianschool.org/
Global Indian International School (GIIS) Balewadi Campus,"Kul Echoloch', Near Balewadi Sports Complex, 
Nande–Balewadi Road, Mahalunge, 
Pune, Maharashtra, 
411045, 
India
",https://pune.globalindianschool.org/student-life/balewadi-campus
Global Indian International School (GIIS) Bannerghatta Campus,"Bannerghatta Main Road, 
Gollahalli, Bannerghatta, 
Bangalore, Karnataka, 
560083, 
India
",https://bangalore.globalindianschool.org/
Global Indian International School (GIIS) Hadapsar Campus,"Leisure Town, Behind Amanora Fire Station, 
Malwadi, Hadapsar, 
Pune, Maharashtra, 
411028, 
India
",https://pune.globalindianschool.org/
Global Indian International School (GIIS) Noida Campus,"D-5, Sector 71, 
(2 Km from Noida City Centre Metro Station), 
Noida, Uttar Pradesh, 
201301, 
India
",https://noida.globalindianschool.org/
Global Indian International School (GIIS) Surat Campus,"Chalthan (Next to Chokhi Dhani), 
Kadodara–Palsana Highway, 
Surat, Gujarat, 
394305, 
India
",https://surat.globalindianschool.org/
Global Indian International School (GIIS) Whitefield Campus,"No-5, 6, 8 Heggondahalli Village, 
Whitefield Sarjapur Main Road, Gunjur Post, 
Bangalore, Karnataka, 
560087, 
India
",https://bangalore.globalindianschool.org/
Goldcrest International,"Sector 29, Plot No: 59, 
Near Rajiv Gandhi Park, 
Navi Mumbai, Maharashtra, 
400703, 
India
",http://goldcrestinternational.in/
Good Shepherd International School,"Good Shepherd Knowledge Village, 
M Palada PO, 
Ootacamund, Tamil Nadu, 
643 004, 
India
",https://gsis.ac.in/
GPS Brookes Kochi,"P.O, Thiruvaniyoor, 
Thiruvankulam - Chottanikkara Rd, 
Kochi, Kerala, 
682308, 
India
",https://gpsbrookeskochi.org/
Grassroots Global School,"7/4, Lynwood Avenue, 
Mahalingpuram, 
Chennai, Tamil Nadu, 
600034, 
India
",https://www.edypa.in/india/chennai/schools/grassroots-global-school
Greenwood High International School,"No.8-14, Chickkawadayara Pura, 
Near Heggondahalli, Gunjur Post, Varthur via, 
Bengaluru, Karnataka, 
560087, 
India
",https://greenwoodhigh.edu.in/contact-us/
Harvest International School,"Carmalaram post silk farm, Kodathi village, 
Off sarjapur road, near Kodathi village, 
Bangalore, Karnataka, 
560035, 
India
",https://www.harvestinternationalschool.in/contact-us/
Harvest International School,"Jassowal-Kular, 
Tehsil Jagraon, 
Ludihana, Punjab, 
141023, 
India
",http://harvestinternationalschool.com/
Hebron School,"Lushington Hall, 
Ootacamund, Tamil Nadu, 
643001, 
India
",https://hebronooty.org/
"Heritage Xperiential Learning School, Gurgaon","Sector 62, 
Gurgaon, Haryana, 
122011, 
India
",https://www.heritagexperiential.org/
HFS International Powai,"Richmond Street, Hiranandani Gardens, 
Powai, 
Mumbai, Maharashtra, 
400076, 
India
",https://www.hfsinternationalpowai.com/
Hill Spring International School,"C Wing, NSS Educational Complex, 
MP Mill Compound, Tardeo, 
Mumbai, Maharashtra, 
400034, 
India
",https://www.hsieducation.org/
Hillside Academy,"Road No 46, 
Jubilee Hills, 
Hyderabad, Telangana, 
500033, 
India
",https://www.eduvidya.com/Schools/Hillside-Academy-Jubilee-Hills
Himalayan International Residential School,"P. O. Rajganj, 
Dist Jalpaiguri, West Bengal, 
735134, 
India
",https://www.hirs.in/
Himali Boarding School,"Doomaram, P.O. Kurseong, 
Dist Darjeeling, West Bengal, 
734203, 
India
",https://www.himalischool.org/home
Hindustan International School,"40 GST Road, St Thomas Mount, 
Guindy, 
Chennai, Tamil Nadu, 
India
",https://hindustanschools.in/page-section/contact-us/
HLC International - Chennai,"Wing Haven Gardens, 
Karanai, 
Chennai, Tamil Nadu, 
603103, 
India
",https://school.careers360.com/schools/hlc-international-school-wing-haven-gardens-chennai
HUS International School,"5/63 Old Mahabalipuram Ro, Egattur Village, 
Padur PO, Kelambakkam, 
Chennai, Tamil Nadu, 
600130, 
India
",https://hus.edu.in/
HVB Global Academy,"79 Marine Drive, 
Mumbai, Maharashtra, 
400020, 
India
",https://www.hvbglobalacademy.org/
India International School,"26/1, Sarjapur Road, 
Chikkabellandur, 
Bengaluru, Karnataka, 
560035, 
India
",https://iisbangalore.org/contact-us/
India International School,"Kshipra Path, Opp VT Road, 
Mansarovar, 
Jaipur, Rajasthan, 
302020, 
India
",https://www.iisjaipur.org/iis/
Indus International School (Bangalore),"Billapura Cross, 
Sarjapur, 
Bengaluru, Karnataka, 
562125, 
India
",https://www.indusschool.com/
"Indus International School, Hyderabad","Survey No 424 & 425, 
Kondakal Village, Near Mokila (M), Shankarpally, 
Hyderabad, Telangana, 
 501203, 
India
",https://www.indusschool.com/international-school-hyderabad/connect
"Indus International School, Pune","576 Bhukum, Near Manas Resort, 
Tal Mulshi, 
Pune, Maharashtra, 
411042, 
India
",https://www.indusschool.com/international-school-pune/
International School Aamby,"Aamby Valley City, 
Ambavene, 
Pune, Maharashtra, 
410401, 
India
",https://www.eduvidya.com/Schools/International-School-Aamby-Ambavane
International School Kashmir (ISK),"Baghat Chowk, 
Srinagar, Jammu & Kashmir, 
India
",https://www.internationalschoolsearch.com/listing/international-school-kashmir-isk-india
International School of Hyderabad,"c/o ICRISAT, 
Patancheru, 
Hyderabad, Telangana, 
502324, 
India
",https://www.ishyd.org/
International Village School Chennai,"33A, Clasic Farms Road, 
Sholinganallur, 
Chennai, Tamil Nadu, 
600119, 
India
",https://www.internationalvillage.org/
Inventure Academy,"Whitefield - Sarjapur Road, 
Chikkavaderapura, Near Dommasandra Circle, 
Bengaluru, Karnataka, 
562125, 
India
",https://www.inventureacademy.com/
Ithaka International School,"Near Kanuparthipadu, 
Golagamudi Road, 
Nellore, Andhra Pradesh, 
India
",https://ithaka.in/
Jain International Residential School,"Jakkasandra Post, Kanakpura Road, 
Ramanagara District, 
Bengaluru, Karnataka, 
562112, 
India
",https://www.jirs.ac.in/
Jamnabai Narsee International School,"Narsee Monjee Bhavan, N.S. Road No.7, 
J.V.P.D Scheme, Vile Parle (West), 
Mumbai, Maharashtra, 
400049, 
India
",https://www.jns.ac.in/
Jayshree Periwal High School,"3, Adjoining Stadium, 
Ajmer Road, Chitrakoot, 
Jaipur, Rajasthan, 
302021, 
India
",https://www.jphschool.com/
Jayshree Periwal International School,"Mahapura, SEZ Road, 
Ajmer Road, Jaipur, 
Rajasthan, 
302026, 
India
",https://jpischool.com/
JBCN International School - Oshiwara,"Survey No. 41, CTS No. 1, Off Andheri Link Road, 
Behind Tarapore Towers, Mhada Colony, Oshiwara, Andher+, 
Mumbai, Maharashtra, 
400058, 
India
",https://www.jbcnschool.edu.in/contact-us/
JBCN International School - Parel,"Yogi Mansion, CTS No. 244, Dr Vinay Walimbe Road, 
Off Dr S.S. Rao Marg, Parel East, 
Mumbai, Maharashtra, 
400012, 
India
",https://www.jbcnschool.edu.in/parel/contact-us/
JG International School,"JG Campus of Excellence, 
JG Campus Road, 
Ahmedabad, Gujarat, 
380061, 
India
",https://www.jginternationalschool.in/
Johnson Grammar School ICSE&IBDP,"Street No 3, Kakatiya Nagar, 
Habsiguda, 
Hyderabad, Andhra Pradesh, 
 500007, 
India
",https://www.jgschool.org/
Jyotirmay International School,"Opp Wageshwar Temple, Gat No 2188 A, Pl No. 8 & 9 A, 
Bhd. Rambhau Moze Engineering College, BAIF Rd, Wagholi, 
Pune, Maharashtra, 
412207, 
India
",https://www.bharatibiz.com/jyotirmay-international-school_1E-020-6510-0784
K.R. Mangalam Global School,"Nandi Vithi Road N-Block, 
GK-I, 
New Delhi, Delhi, 
110048, 
India
",https://krmangalam.global/
Kai Early Years,"66/2 Nallurhalli Main Road, 
Whitefield, 
Bangalore, Karnataka, 
560066, 
India
",http://kaiearlyyears.com/
KC High,"12/4, Arunachalam Road, 
Kotturupuram, 
Chennai, Tamil Nadu, 
600085, 
India
",https://entranceindia.com/city-institution-maa/kc-high-in-kotturpuram-chennai/
Kennedy High - The Global School,"Bachupally, 
Miyapur-Medchal Highway, 
Hyderabad, Telangana, 
500090, 
India
",https://kennedyglobalschool.edu.in/
KiiT International School,"KiiT Campus 9, 
Patia, 
Bhubaneswar, Odisha, 
751024, 
India
",https://kiitis.ac.in/
King's College India,"A1 Sector 5, 
Rohtak, Haryana, 
124001, 
India
",https://www.kingscollegeindia.in/
Kodaikanal International School,"PO Box 25, 
Seven Roads Junction, 
Kodaikanal, Tamil Nadu, 
624101, 
India
",https://www.kis.in/
Kohinoor American School,"Old Mumbai - Pune Highway, 
Near to The Dukes Retreat, 
Khandala, Maharashtra, 
410301, 
India
",http://www.kohinooramericanschool.ac.in/contact_us.php
L’Ecole Française Internationale de Bombay,"Ashishwang Bungalow, Plot No.72, 
Pochkhanwala Road, Worli, 
Mumbai, Maharashtra, 
400030, 
India
",https://www.internationalschoolsearch.com/listing/l-ecole-fran-aise-internationale-de-bombay-india
Lakshmipat Singhania Academy,"12B Alipore Road, 
Kolkata, West Bengal, 
700027, 
India
",https://www.lsakolkata.com/
Lalaji Memorial Omega International School,"79, Omega School Road  (Pallavaram Road), 
Kolapakkam, Kovur Post, 
Chennai, Tamil Nadu, 
600128, 
India
",https://www.omegaschools.org/
Lancers International School,"DLF Phase V, Sector 53, 
Gurgaon, Haryana, 
122001, 
India
",https://www.lis.ac.in/
Learning Panorama School,"Plot no 25c, Old MHB Colony, OPP Vaidya Kumar Gdn, 
Nr Don Bosco School, Gorai Link Road, Borivali(W), 
Mumbai, Maharashtra, 
400092, 
India
",https://www.internationalschoolsearch.com/listing/learning-panorama-school-india
"Legacy School, Bangalore","6/1 A, 6/2 Byrathi Village, Bidarahalli Hobli, 
East Taluk, 
Bengaluru, Karnataka, 
560077, 
India
",https://lsb.edu.in/
Lycée français de Pondichéry,"12 rue Victor Simonel, 
Pondicherry, Tamil Nadu, 
605001, 
India
",https://lfpondichery.net/admissions-2/
M Ct M Chidambaram Chettyar International School,"179, Luz Church Road, 
Mylapore, 
Chennai, Tamil Nadu, 
600004, 
India
",https://www.mctminternational.com/
Mahatma Gandhi International School,"Sheth Motilal Hirabhai Bhavan, 
Opp. Induben Khakhrawala, Mithakali, Navrangpura, 
Ahmedabad, Gujarat, 
380006, 
India
",https://entranceindia.com/city-institution-amd/mahatma-gandhi-international-school-in-navrangpura-ahmedabad/
Mahindra International School,"P26, Rajeev Gandhi Infotech park, Phase 1, 
Hinjewadi, 
Pune, Maharashtra, 
411057, 
India
",https://misp.org/
Mainadevi Bajaj International School,"Plot No: 23-A, 24-28 Swami Vivekanand Road, 
Malad (West), 
Mumbai, Maharashtra, 
400064, 
India
",https://www.schoolmykids.com/school/mainadevi-bajaj-international-school-malad-west-mumbai-mumbai-suburban-maharashtra-india-s10012671
Mallya Aditi International School,"Yelahanka New Town, 
Bengaluru, Karnataka, 
560106, 
India
",http://aditi.edu.in/
Manchester International School,"SF 29/3A, Hudco Colony, 
Vellakinar, 
Coimbatore, Tamil Nadu, 
641029, 
India
",https://manchesters.in/
Manthan International School Kompally,"1150 Ayyappa Society Main Road, 
Madhapur, 
Hyderabad, Telangana, 
500081, 
India
",http://manthanschool.org/
Maple Bear Canadian School,"4-7 C DDA Shopping Centre, 
New Friends Colony, 
New Delhi, Delhi, 
110025, 
India
",https://www.maplebearsouthasia.com/contact/
Mayo College,"Srinagar Road, 
Ajmer, Rajasthan, 
305008, 
India
",https://www.mayocollege.com/
Mayo College Girls' School,"Mayo Link Road, 
Ajmer, Rajasthan, 
305001, 
India
",https://www.mcgs.ac.in/
"Meridian School, Banjara Hills","#8-2-541, Road No.7, 
Banjara Hills, 
Hyderabad, Telangana, 
500034, 
India
",https://meridianschool.in/
"Meridian School, Madhapur","#11/4 & 11/5, Opp: Hitech City, Kukatpally Bypass Road, 
Khanamet Village, Sherlingampally Mandal, 
Hyderabad, Telangana, 
500081, 
India
",https://meridianschool.in/
"MET Rishikul Vidyalaya - Bhujbal Knowledge Centre, Mumbai","Bandra Reclamation, 
Bandra (West), 
Mumbai, Maharashtra, 
400050, 
India
",https://www.met.edu/contact_us
Metro Delhi International School,"AIPF Campus, Mission Hospital Road, 
Sat Bari, Chattarpur, 
New Delhi, Delhi, 
110074, 
India
",https://www.mdis.net/
MGD Girls' School,"Tonk Rd, 
Ashok Nagar, 
Jaipur, Rajasthan, 
302001, 
India
",https://www.mgdschooljaipur.com/
Miri Piri Academy,"Guru Ki Wadali, 
Chheharta, 
Amritsar, Punjab, 
143105, 
India
",https://miripiriacademy.org/
MM International School,"MM Educational Complex, 
Mullana, 
Ambala, Haryana, 
133003, 
India
",https://www.mmismullana.org/
MM International School,"Patan By Pass Road, 
Behind Global College,, 
Jabalpur, Madhya Pradesh, 
482004, 
India
",https://mmis.ac.in/
Modern High School for Girls,"78, Syed Amir Ali Avenue, 
Kolkata, West Bengal, 
700019, 
India
",https://www.mhsforgirls.edu.in/
Modern School,"Sector E, Aliganj, 
Lucknow, Uttar Pradesh, 
226024, 
India
",https://www.modernschool.org/
Mody School,"Mody Institute of Education & Research, 
Lakshmangarh, Rajasthan, 
332311, 
India
",https://www.modyschool.ac.in/
Motilal Nehru School of Sports,"Grand Trunk Road, 
Rajiv Gandhi Education City, Rai, 
Sonipat, Haryana, 
131029, 
India
",http://www.mnssrai.com/
Mount Litera School International,"GN Block, Behind Asian Heart Hospital, Near UTI Building, 
Bandra Kurla Complex, Bandra- East, 
Mumbai, Maharashtra, 
400051, 
India
",https://mlsi.in/
Mussoorie International School,"Srinagar Estate, 
Polo Ground, 
Mussoorie, Uttarakhand, 
248179, 
India
",https://www.misindia.net/
Nahar International School,"Nahar's Amrit Shakti, Chandivali Farm Road, 
Off Saki Vihar Road, Andheri East, 
Mumbai, Maharashtra, 
400072, 
India
",https://www.nahar-is.org/
Navrachana International School,"Vasna Bhayali Road, 
Bhayali, 
Vadodara, Gujarat, 
391410, 
India
",https://www.navrachana.ac.in/
Neerja Modi School,"Shipra Path, Near Building Technology Park, 
Mansarovar, 
Jaipur, Rajasthan, 
302020, 
India
",https://maps.mapmyindia.com/place-neerja+modi+school-shipra+path-near+building+technology+park-mansarovar-jaipur-rajasthan-302020-T3E7ES@zdata=MjYuODY3OTQ5Kzc1Ljc2NTIxOSsxNytUM0U3RVMrKw==ed
Neev Academy - North Campus,"No. 14, Park Road, 
Tasker Town, 
Bengaluru, Karnataka, 
560001, 
India
",https://neevacademy.org/
Neev Academy - Yemalur Campus,"No. 16, Yemalur-Kempapura Main Road, 
Opp. Sai Garden Apartments, Yemalur, 
Bengaluru, Karnataka, 
560037, 
India
",https://neevacademy.org/contact
NES International School Dombivli,"Sankara Nagar, Kalyan-Shil Road Opp. DNS Bank, 
Sonarpada, Dombivli (E), 
Thane, Mumbai, Maharashtra, 
421203, 
India
",https://entranceindia.com/city-institution-dombivli/nes-international-school-dombivli-in-dombivili-east-dombivli/
NES International School Mumbai,"Malabar Hill Road, 
Vasant Garden, Mulund(W), 
Mumbai, Maharashtra, 
400082, 
India
",https://www.nesinternational.org/
NEXT School,"Park Road, Off Devi Dayal Road, 
Mulund W, 
Mumbai, Maharashtra, 
400080, 
India
",https://www.nextschool.org/
Niraj International School,"Kandlakoya, 
5 km from Dhola-ri-Dhani, 
Hyderabad, Telangana, 
132133, 
India
",http://www.nirajinternationalschool.com/
"Oakridge International School, Bachupally","Survey No 166/6, 
Bowrampet Village, Near Bachupally, 
Hyderabad, Telangana, 
500043, 
India
",https://www.oakridge.in/bachupally/
"Oakridge International School, Bengaluru","Varthur Road, Near Dommassandra Circle, 
Sarjapur Hobli, 
Bengaluru, Karnataka, 
562125, 
India
",https://www.oakridge.in/bengaluru/
"Oakridge International School, Gachibowli","Khajaguda, Nanakramguda Road, 
Cyberabad, 
Hyderabad, Telangana, 
500008, 
India
",https://www.oakridge.in/gachibowli/
"Oakridge International School, Mohali","Next to Thunderzone Amusement Park, 
Mohali, Punjab, 
140307, 
India
",https://www.oakridge.in/mohali/
"Oakridge International School, Visakhapatnam","NH 5 Road, Behind HP Petrol Bunk, 
Maharajpeta Junction, Tagarapuvalasa, 
Visakhapatnam, Andhra Pradesh, 
531162, 
India
",https://www.oakridge.in/visakhapatnam/
Oasis International School,"No. 29, 1st Stage, 1st Block, 
HBR Layout, 
Bengaluru, Karnataka, 
560043, 
India
",https://www.edustoke.com/bengaluru/oasis-international-school-cox-town-89
Oberoi International School,"Oberoi Garden City, 
Off Western Express Highway, Goregaon (E), 
Mumbai, Maharashtra, 
400063, 
India
",https://oberoi-is.org/
Oberoi International School - JVLR Campus,"Jogeshwari Vikroli Link Road, 
Jogeshwari East, 
Mumbai, Maharashtra, 
400060, 
India
",https://oberoi-is.org/
P P Savani Cambridge International School,"Mota varaccha, Abrama Road, 
At & Po Abrama Tah-Kamrej, 
Surat, Gujarat, 
394150, 
India
",http://ppscis.org.in/
Panbai International School,"Guru Narayan Rd, Sen Nagar, 
Near.B.M.C office, Santacruz (East), 
Mumbai, Maharashtra, 
400055, 
India
",https://panbaiinternationalschool.com/
Pathways School (Gurgaon NCR South),"Baliawas, 
Off Gurgaon Faridabad Road, 
Gurgaon, Haryana, 
122003, 
India
",https://www.pathways.in/gurgaon
Pathways School Noida,"Sector 100, Noida NCR East, 
New Delhi, Delhi, 
110062, 
India
",https://www.pathways.in/noida
Pathways World School,"Aravali Retreat, 
Off  Gurgaon Sohna Road, 
Gurgaon, Haryana, 
 122102, 
India
",https://www.pathways.in/Home/contact_us
Pinnacle High International School,"Sunder lane, 
Orlem, Malad (w), 
Mumbai, Maharashtra, 
400064, 
India
",https://www.pinnaclehigh.org/
Podar International School,"Ramee Emerald Building, 
Near Shamrao Vithal Bank, S.V.Road, Khar (West), 
Mumbai, Maharashtra, 
400052, 
India
",https://www.internationalschoolsearch.com/listing/podar-international-school-india
Podar International School (Kalyan),"H/N 9, Next to Union Cricket Ground, 
Gandhari Viilage, Khadakpada, 
Kalyan, Maharashtra, 
421301, 
India
",https://entranceindia.com/city-institution-dombivli/podar-international-school-in-khadakpada-dombivli/
"Podar O.R.T International School, Worli","PODAR-ORT School Building, 
68, Worli Hill Estate, Worli, 
Mumbai, Maharashtra, 
400018, 
India
",https://podarworli.org/
Primus Public School,"Post Box 21, 
Chikanayakanahalli Village, Off. Sarjapur Road, 
Bengaluru, Karnataka, 
560035, 
India
",https://primusschool.edu.in/
Prometheus School," I-7, Jaypee Wishtown, Sector 131, 
Noida, Uttar Pradesh, 
201304, 
India
",https://prometheusschool.com/
Punjab Public School,"Nabha, 
Punjab, 
147201, 
India
",https://www.ppsnabha.in/
Queen Mira International School,"Melakkal Road, 
Kochadai, 
Madurai, Tamil Nadu, 
625016, 
India
",https://www.queenmira.com/
Rasbihari International School,"Vrindavan, 
Nashik-Ozar Road, 
Nashik, Maharashtra, 
422003, 
India
",https://rasbihari.org/
RBK International Academy,"Opp. Indian Oil Nagar, 
Near Shankara Colony, Ghatkopar-Mankhurd Link Road, 
Mumbai, Maharashtra, 
400088, 
India
",http://www.kulguru.com/school/rbk-international-academy-v2j5ok6i
Redbridge International Academy,"#114, S Bingipura Village, Hulimangala Post, 
Begur-Koppa Road, 
Bangalore, Karnataka, 
560105, 
India
",https://www.rbia.in/
RIMS International School and Junior College,"New Link Road, 
Near Fun Republic, Andheri West, 
Mumbai, Maharashtra, 
400049, 
India
",https://www.rims.ac.in/
Riverside International School,"c/o Project India, 
Project India Educational Center, Mori, 
Godavari, 
533250, 
India
",https://www.internationalschoolsearch.com/listing/riverside-international-school-india
Rockwell International School,"Sy No.160(p), 
Gandipet Main Rd, 
Kokapet, Hyderabad, Telangana, 
500075, 
India
",http://rockwellinternationalschool.com/
Rungta International School,"Near Nandan Van, 
Veer Savarkar Nagar, 
Raipur, Chhattisgarh, 
492099, 
India
",https://www.rungtainternational.org/
Ryan Global School,"Yamuna Nagar, 
Lokhandwala, Andheri (west), 
Mumbai, Maharashtra, 
400058, 
India
",https://www.ryanglobalschools.com/
Sancta Maria International School,"Survey No 106/107, 
Serilingampally, 
Hyderbad, Telangana, 
500019, 
India
",https://www.sanctamaria.in/
Sangam School of Excellence,"N.H. 79, Atun, Bhilwara By Pass, 
Chittorgarh Highway, 
Bhilwara, Rajasthan, 
311001, 
India
",https://www.sangamschoolbhilwara.com/
Sanjay Ghodawat International School,"Gat No. 555, 
Kolhapur - Sangli Highway, 
Atigre, Maharashtra, 
India
",http://www.sgischool.in/
Sanskar School,"117-121, Vishwamitra Marg, 
Hanuman Nagar Ext., Sirsi Road, 
Jaipur, Rajasthan, 
302012, 
India
",https://www.sanskarjaipur.com/
Sarala Birla Academy,"Bannerghatta PO, 
Jigni Road, 
Bengaluru, Karnataka, 
560083, 
India
",http://www.saralabirlaacademy.org/
SCAD World School,"SCAD Knowledge City, 
Palladam - Pollachi Highway, 
Palladam, Tamil Nadu, 
641664, 
India
",http://www.scadworldschool.com/
Scindia Kanya Vidyalya,"Moti Mahal Road, 
Gwalior, Madhya Pradesh, 
474009, 
India
",http://www.skvgwalior.org/contact.php
Scottish High International School,"G-Block, Sector 57, 
Sushant Lok-II, 
Gurugram, Haryana, 
122011, 
India
",https://www.scottishigh.com/
Seedling International Academy,"Sector-4, Park Lane, 
Jawahar Nagar, 
Jaipur, Rajasthan, 
302004, 
India
",https://seedlingschools.com/
SelaQui International School,"PO Sela Kui, Chakrata Road, 
Dehradun, Uttarakhand, 
248197, 
India
",https://www.indiastudychannel.com/schools/20422-selaqui-world-school-dehradun
Shantiniketan International School,"35-25, GKColony, 
Ramakrishnapuram, 
Secunderabad, Telangana, 
500056, 
India
",http://www.snis.org.in/
Sharanya Narayani International School,"#232/1, Thoranahalli, 
Byranahalli post, Near Hoskote, 
Bengaluru, Karnataka, 
563130, 
India
",https://snis.edu.in/
Shigally Hill International Academy,"P.O.Box No. 239, Doon Valley,  Shigally Estate, 
Mussoorie Road,  Via Malsi Deer Park, Guniyal Gaon, 
Dehradun, Uttarakhand, 
248001, 
India
",https://shigallyhill.com/
Shiv Nadar School Gurugram,"DLF City, Phase -1 Block -E, 
Pahari Road, 
Gurugram, Haryana, 
India
",https://xn--11bunzmsdr5h2fbz.com/%E0%A4%B8%E0%A5%81%E0%A4%A8%E0%A5%8D%E0%A4%A6%E0%A4%B0%E0%A4%A4%E0%A4%BE/Gurgaon_Sector_45/8.18.17/Keraleeya_Panchakarma_Vaidyasala/1210491322304154/
Shiv Nadar School Noida,"Plot No -SS -1, 
Expressway Sector 168, 
Noida, Uttar Pradesh, 
201305, 
India
",https://www.shivnadarfoundation.org/what-we-do/institutions-and-initiatives/shiv-nadar-university
Shree Swaminarayan Gurukul Vishwavidya Pratishthanam SGVP,"Nr. SGVP Circle, SG Highway, 
Chharodi, 
Ahmedabad, Gujarat, 
382481, 
India
",http://www.swaminarayangurukul.org/locate-us
"Silver Oaks International School, Bangalore","Sy No:188/3 & 188/4, Sarjapur Road, 
Dommasandra village, 
Bengaluru, Karnataka, 
562125, 
India
",https://www.silveroaks.co.in/home/sarjapur-bangalore/
"Silver Oaks International School, Hyderabad","Miyapur-Dindigal Road, 
Bachupally, 
Hyderabad, Telangana, 
500090, 
India
",https://www.silveroaks.co.in/
"Silver Oaks International School, Visakhapatnam","Adj Gitam Medical College, 
Yendada Road, Rushikonda, 
Visakhapatnam, Andhra Pradesh, 
530045, 
India
",https://www.silveroaks.co.in/home/visakhapatnam/
"Singapore International School, Mumbai","On National Highway No. 8, Post Mira Road, 
Dahisar, 
Mumbai, Maharashtra, 
401104, 
India
",http://www.sisindia.net/contact/contact-us.aspx
Smt. Sulochanadevi Singhania School,"Pokharan Road No.1, 
J K Gram, 
Thane (West), Maharashtra, 
400606, 
India
",https://singhaniaschool.org/
South City International School,"375 Prince Anwar Shah Road, 
Kolkata, West Bengal, 
700068, 
India
",https://scis.co.in/
Sreenidhi International School,"Near Appa Junction, 
Moinabad, 
Hyderabad, Telangana, 
500075, 
India
",http://www.sis.edu.in/
SRV International School,"Marappan Thottam, 4/3 Gandhi Salai, 
Pattanam Road, Rasipuram, 
Namakkal, Tamil Nadu, 
637408, 
India
",http://www.srvisglobal.org/
Step by Step School,"Plot A 10, 
Sector 132 Taj Expressway, 
Noida, Uttar Pradesh, 
 201303, 
India
",https://stepbystep.school/
Strawberry Fields High School,"Sector 26, 
Chandigarh, Punjab, 
160019, 
India
",https://strawberryfieldshighschool.com/
Suncity School,"Suncity Township, Sector 54, 
Gurgaon, Haryana, 
122002, 
India
",https://www.suncityschool.in/
Sunflower English School,"Sunflower House, 80 Feet Road, 
Near Bhaktinagar Circle, 
Rajkot, Gujarat, 
360002, 
India
",https://www.justdial.com/Rajkot/Sunflower-English-School-Near-Bhaktinagar-Circle-80-Feet-Road/0281P281STD8824_BZDET
Sunshine Worldwide Secondary School,"20/1-B, Bainguinim, 
Off NH-748 By-pass Kadamba Road, 
Old Goa. Goa, 
403402, 
India
",https://www.sunshineworldwideschool.com/
SVKM JV Parekh International School,"CNM School Campus, 
Dadabhai Road, Off. S.V. Road, Vile Parle (West), 
Mumbai, Maharashtra, 
400056, 
India
",https://jvparekhintnl.ac.in/
Symbiosis International School,"Symbiosis Viman nagar Campus, 
Off. New AirPort road, Viman Nagar, 
Pune, Maharashtra, 
 411014, 
India
",https://symbiosisinternationalschool.net/
Taktse International School,"PO Box 90, 
Gangtok, Sikkim, 
737101, 
India
",https://www.taktseschool.org/
TCIS,"Survey no. 215/3, 
Varthur Sharjapur, Whitefield Main Road, 
Bangalore, Karnataka, 
India
",https://tciswhitefield.in/
Thakur International School,"C.T.S. No. 1299 Shivaji Road, 
Off M.G. Road, Kandivali (W), 
Mumbai, Maharashtra, 
400067, 
India
",https://tismumbai.in/icse/contactus.aspx
The Assam Valley School,"P.O. Balipara, 
Dist. Sonitpur, 
Balipara, Assam, 
784101, 
India
",https://www.assamvalleyschool.com/
The British School,"Dr Jose P Rizal Marg, 
Chanakyapuri, 
New Delhi, Delhi, 
110021, 
India
",https://www.british-school.org/
"The British School, Chandigarh","Sector 44 B, 
Chandigarh, Punjab, 
160044, 
India
",https://www.thebritishschool.org/
"The British School, Sector 8, Panchkula","Panchkula, Haryana, 
134109, 
India
",http://thebritishschool.org/tbs8/contactus/
The Cambridge School,"7& 7/1 Satyendra Nath, 
Majumder Sarani, 
Kolkata, West Bengal, 
700026, 
India
",https://thecambridgeschool.ac.in/
The Cathedral & John Connon School,"6 Purshottamdas Thakurdas Marg, 
Mumbai, Maharashtra, 
400001, 
India
",https://en.wikipedia.org/wiki/Cathedral
"The Cathedral Vidya School, Lonavala","Village Shilatne, Taluk Maval, 
Post Office Karla, 
Pune, Lonavala, Maharashtra, 
410405, 
India
",https://www.cathedral-lonavala.org/
The Doon School,"Mall Road, 
Dehradun, Uttarakhand, 
248001, 
India
",https://www.doonschool.com/
The DPSG International (Delhi Public School Ghaziabad International),"P.O. Dasna, Hindon Nagar, 
Dasna, Kallu Garhi, 
Ghaziabad, Uttar Pradesh, 
201303, 
India
",https://www.dpsgs.org/international/
The Emerald Heights International School,"Opposite Akashwani, 
A. B. Road, Rau, 
Indore, Madhya Pradesh, 
453331, 
India
",https://emeraldheights.edu.in/
The Galaxy School,"SNK Main Building, 
University Road, 
Rajkot, Gujarat, 
360005, 
India
",https://www.schoolmykids.com/school/the-galaxy-school-university-road-rajkot-rajkot-gujarat-india-s10015373
The Gaudium School,"Survey No. 148, Nanakramguda Village, 
Serilingampally, Nanakramguda, 
Hyderabad, Telangana, 
500008, 
India
",https://www.thegaudium.com/contact-us/
"The Heritage School, Kolkata","994 Maduraha, Chowbaga Road, Anandpur, 
PO East Kolkata Township, 
Kolkata, West Bengal, 
 700107, 
India
",https://theheritageschool.org/
The International School Bangalore,"Whitefield-Sarjapur Road, 
Near Dommasandra Circle, 
Bengaluru, Karnataka, 
562125, 
India
",https://www.tisb.org/
The Lawrence School,"Sanawar, MDR 10, 
Solan, Himachal Pradesh, 
173202, 
India
",http://www.sanawar.edu.in/
The New Tulip International School,"Sterling City, 
Bopal, 
Ahmedabad, Gujarat, 
380058, 
India
",http://www.thelearningpoint.net/home/school-listings/cbse-31/The-New-Tulip-International-School-Sterling-City--Bopal--Ahmedabad--Gujarat--430108
The Rajkumar College,"Dr Radha Krishnan Road, 
Gavliwad, 
Rajkot, Gujarat, 
360001, 
India
",https://rkcrajkot.com/
The Riverside School,"307 Behind C.S.D Depot, Off Airport Road, 
Cantonment, 
Ahmedabad, Gujarat, 
380004, 
India
",https://schoolriverside.com/Home/Contact
The Sanskaar Valley School,"Chandanpura, 
Bhopal, Madhya Pradesh, 
462016, 
India
",https://www.sanskaarvalley.org/
The Scindia School,"The Fort, 
Gwalior, Madhya Pradesh, 
474008, 
India
",https://www.scindia.edu/
The Shri Ram School,"Moulsari Avenue DLF Phase-3, 
Gurgaon, Haryana, 
122002, 
India
",http://www.tsrs.org/reach-us/contact-us/
The Universal School,"Plot No. 17, Near Lion's Garden, 
Tilak Road, Ghatkopar (E), 
Mumbai, Maharashtra, 
400077, 
India
",https://ghatkopar.universalschool.edu.in/
The White School International,"HiLITE Knowledge Village, 
Parammal, Perumanna, 
Kozhikode, Kerala, 
673019, 
India
",https://www.thewhiteschool.in/
TIPS Bengaluru,"HBR Layout, 
Nagawara, 
Bangalore, Karnataka, 
560045, 
India
",http://www.tipsbangalore.com/contact/
TIPS Chennai,"No. 50/51, First Main Road, 
Perungudi Industrial Estate, Perungudi, 
Chennai, Tamil Nadu, 
600069, 
India
",http://tipschennai.com/contact-us/
TIPS Erode,"Chennimalai Road, Senapathipalayam, 
Goundachi palayam post, 
Erode, Tamil Nadu, 
638112, 
India
",https://www.internationalschoolsearch.com/listing/tips-erode-india
TIPS Karur,"S.F.No. 371 & 379/1, Pazhamapuram, 
Poolampalayam (Post), Punnam Village, 
Karur, Tamil Nadu, 
639163, 
India
",https://indiankanoon.org/search/?formInput=aRTICLE%20371%28F%29
TIPS Kochi,"Edachira, Thengode(Post), 
Kakkanad, 
Kochi, Kerala, 
682030, 
India
",https://www.indiatvnews.com/pincode/kerala/ernakulam/thengod
TIPS Madurai,"No.3, VP Rathnasamy Nadar Street, 
BB Kulam, 
Madurai, Tamil Nadu, 
625002, 
India
",https://maps.mapmyindia.com/place-the+indian+public+school-madurai-no+3+vp-rathnasamy+nadar+street-bb+kulam-madurai-tamil+nadu-625002-XLR5TK@zdata=OS45NDUxKzc4LjEyODc5NCsxNytYTFI1VEsrKw==ed
TIPS Salem,"No 2, Mangayarkarasi Street, 
Off Advitha Ashram Road, Fairlands, 
Salem, Tamil Nadu, 
636016, 
India
",https://www.internationalschoolsearch.com/listing/tips-salem-india
TIPS Tirupur,"No.10/720, Arulpuram, 
Arulpuram (P.O.), Palladam Road, 
Tirupur, Tamil Nadu, 
641605, 
India
",http://www.tipstirupur.com/contact/
TIPS Trichy,"49/3, K.Kallikudi (North), Dindigul Main Road, 
Ramji Nagar, Srirangam Tk, 
Trichy, Tamil Nadu, 
620009, 
India
",https://www.internationalschoolsearch.com/listing/tips-trichy-india
Treamis,"Hulimangala Post, 
near Electronics City, 
Bengaluru, Karnataka, 
560105, 
India
",https://www.treamis.org/
Trinity International School,"Plot No 247-248, 
Near Gokul Hall, Sion (E), 
Mumbai, Maharashtra, 
400022, 
India
",https://www.pes-trinity.in/
Trio World Academy,"3/5 Kodigehalli Main Road, 
Sahakar Nagar, 
Bengaluru, Karnataka, 
560092, 
India
",https://www.trioworldacademy.com/
Trivandrum International School,"Edackcode, 
PO Korani, 
Trivandrum, Kerala, 
695104, 
India
",https://trins.org/contact-us/
Unison World School,"Mussoorie Diversion Road, 
Dehradun, Uttarakhand, 
248009, 
India
",https://www.uws.edu.in/
United World Academy (UWA),"Sy No. 1/1 and 62, Chikkawadayerapura, 
Sarjapur Hobali, Anekal Taluk, 
Bengaluru, Karnataka, 
560087, 
India
",https://uwa.org.in/contact-us/
Uttpal Shanghvi School,"East West Road No.3, 
J.V.P.D. Scheme, Juhu, 
Mumbai, Maharashtra, 
400049, 
India
",https://ppsijc.org/
UWC Mahindra College,"Village Khubavali, PO Paud, 
Taluka Mulshi, 
Pune, Maharashtra, 
412108, 
India
",https://uwcmahindracollege.org/
Vaels International School,"Pon Vidhyashram Gardens, Off East Coast Road, 
Injambakkam, 
Chennai, Tamil Nadu, 
600115, 
India
",https://in.infoaboutcompanies.com/Catalog/TN/Chennai/International-School/Vaels-International-School
"Vibgyor High School, Pune (NIBM Road)","Dorabjee Paradise, Near Palace Orchard, Off. Corinthian Club Road, 
Extn NIBM Road, Mohammedwadi,  Hadapsar, 
Pune, Maharashtra, 
411060, 
India
",https://www.vibgyorhigh.com/pune-nibmroad.php
"Vibgyor High, Mumbai (Goregagon)","Motilal Nagar - 1, Srirang Sabde Marg, 
Off. Link Road, Goregaon, 
Mumbai, Maharashtra, 
400104, 
India
",https://www.vibgyorhigh.com/mumbai-goregaon-cisce.php
"Vibgyor High, Vadodara","Opp Banco Product, Padra Road, 
B/H Bhayali Railway Station, 
Vadodara, Gujurat, 
391410, 
India
",https://www.vibgyorhigh.com/vadodara-padraroad.php
Victorious Kidss Educares,"Survey No. 53, 54 & 58, Hissa No. 2/1A, 
Off. Shreeram Society, Nagar Road, Kharadi, 
Pune, Maharashtra, 
411014, 
India
",https://www.victoriouskidsseducares.org/
Vidhyashram International School,"Ahead of Shikargarh Mini Market, 
Defence Lab Road, 
Jodhpur, Rajasthan, 
342015, 
India
",https://vidhyashram.edu.in/
Vidsan Charterhouse,"Delhi NCR, Sector 93, 
Faridabad, Haryana, 
121002, 
India
",https://vidsancharterhouse.com/
Vidya Global School,"Vidya Knowledge Park, 
Baghpat Road, 
Meerut, Uttar Pradesh, 
250002, 
India
",https://vidyaglobalschool.com/
Vidyanjali International School,"20/1, Ram Mohon Dutta Road, 
Kolkata, West Bengal, 
700020, 
India
",https://www.eduvidya.com/Schools/Vidyanjali-International-School
Vikaasa World School,"Ponnagaram Compound, 
New Jail Road, 
Madurai, Tamil Nadu, 
625014, 
India
",https://www.internationalschoolsearch.com/listing/vikaasa-world-school-india
Vishwashanti Gurukul,"Rajbaug, 
off Pune-Solapur Highway, Loni, 
Pune, Maharashtra, 
412201, 
India
",https://www.mitgurukul.com/
VIVA The School,"Beside VVIT college campus, NAMBUR village, 
Pedakakani Mandal, 
Nambur, Guntur, Andhra Pradesh, 
522508, 
India
",https://www.vvitguntur.com/
Vivek High School,"Vidya Path, Sector 38-B, 
Chandigarh, Punjab, 
160036, 
India
",http://vivekhigh.in/
Welham Boys' School,"5 Circular Rd, 
Dalanwala, 
Dehradun, Uttarakhand, 
248001, 
India
",https://www.welhamboys.org/
Wisdom High International School,"Rameshwar Nagar, 
Anandwali, Gangapur Road, 
Nashik, Maharashtra, 
422007, 
India
",https://www.yayskool.com/school/wisdom-high-international-school-nashik-938814359
Witty International School Bhilwara,"7 D 8, Ahead Shreenath Circle, 
RC Vyas Colony, 
Bhilwara, Rajasthan, 
311001, 
India
",https://www.wittykidsindia.com/admissions/36-our-schools/bhilwara/239-contact-us46
Witty International School Malad,"Ramchandra Lane, 
Malad (W), 
Mumbai, Maharashtra, 
400064, 
India
",http://wittykidsindia.com/
Witty International School Udaipur,"1 Witty Lane, Gaurav Path, 
Nathdwara Road, Opp Sukher Thana, 
Udaipur, Rajasthan, 
313004, 
India
",https://www.wittykidsindia.com/schools/udaipur-rajasthan/news-and-announcements-udaipur/6-our-schools/udaipur?start=15
Witty World Goregaon,"Plot No 165, Near Ayappa Temple, 
Bangur Nagar, Goregaon, 
Mumbai, Maharashtra, 
400062, 
India
",https://www.educationworld.in/witty-world-goregaon-w-mumbai/
Wockhardt Global School,"Dr Habil Khorakiwala Education and Health Foundation, 
E-1/NP-1, SEZ, Five Star Industrial Estate, MIDC, Shen+, 
Aurangabad, Maharashtra, 
431154, 
India
",https://wockhardtschools.com/
Woodstock School,"Mussoorie, Uttarakhand, 
248179, 
India
",https://www.woodstockschool.in/
Yadavindra Public School,"New Lal Bagh, 
Patiala, Punjab, 
India
",https://www.ypspatiala.in/
